id,tweet,label
`5.80E+17,lockdown parliament library main branch u downtown schools ottawa police hq cbc hq rideau centre courthouse cbcott ottnews,rumor
`5.80E+17,canada unreal gt footage globe reporter captures exchange gun fire parliament hill building httptcoibb9wtc3nh,rumor
`5.80E+17,university ottawa five minute walk hill lockdown,rumor
`5.80E+17,pictures shots fired parliament hill soldier shot national war memorial httptcowdkeiy9p8e httptcouq4yy2nw9c,rumor
`5.80E+17,cops running guns drawn theyre clearing streets downtown ottawa snipers rooftops,non-rumor
`5.80E+17,thoughts ottawa morning stay safe,non-rumor
`5.80E+17,please tweet photos locations police ottawa parliament buildings torontopolice ottawapolice,non-rumor
`5.80E+17,breaking peter mansbridge reporting one suspect shot dead inside parliament hill,rumor
`5.80E+17,incredible footage joshwingrove shots fired parliament building ottawa httpstcouligb9bkob,non-rumor
`5.80E+17,ottawa sending postive vibes stay away rooftops windows downtown shooter still parliament hill httptcowzbrh1x9sq,rumor
`5.80E+17,ottawa police say dealing multiple suspects confirm whether bothall guns ottawa still pretty much locked,rumor
`5.80E+17,something profoundly sinister shooting parliament hill sacred space use words weapons,rumor
`5.80E+17,university ottawa lockdown classes cancelled,rumor
`5.80E+17,royal canadian mounted police warned people downtown ottawa stay away windows rooftops httptcocmjaq7scjt,non-rumor
`5.80E+17,confirmed shooter shot dead parliament hill suspect cbcott ottnews,rumor
`5.80E+17,ottawa police stations closed university ottawa lockdown campus closed,rumor
`5.80E+17,opinion sure proceed nhl game tonight ottawa,non-rumor
`5.80E+17,rt btsbighit episode bts war hormone mv amp concept photo shooting eng subhttptcoypladhnrodhellohello,non-rumor
`5.80E+17,ottpolice rcmpgrcpolice investigating several shooting incidents downtown ottawa,non-rumor
`5.80E+17,stay us live coverage active shooting canadian parliament httptcovglagcubqz httptcoci7ixtjc82,rumor
`5.80E+17,still lockdown safe check globeandmail video attack parliament hill ignore cursing hear,non-rumor
`5.80E+17,global news camera man reporting shots fired chateau laurier hotel ottawa,rumor
`5.80E+17,reuters one gunman shot dead inside canadian parliament building ottawashooting,rumor
`5.80E+17,see parliament hill youre danger cop shouts behind chateau laurier,non-rumor
`5.80E+17,rt cbcottawa confirmed shooter shot dead parliament hill suspect cbcott ottnews,rumor
`5.80E+17,live ongoing ctvnewsabc coverage active shooting incident near canadian parliament httptco0nuzhcvr2j httptcowxb5uphp4l,non-rumor
`5.80E+17,youre parliament hill please dont tweet location thatactivities police yourtheir safety incident ottawa,non-rumor
`5.80E+17,recap gunman shot dead inside parliament buildings police believe may others loose cdn soldier shot earlier war memorial,rumor
`5.80E+17,raw footage live coverage shooting parliament httptcobxr3thpsv0 httptcomawprvualc,non-rumor
`5.80E+17,ottawa police actively looking one suspects canadian parliament shooting httptcouq4xo5jvhf,rumor
`5.80E+17,ottawa police twitter users urging scene stop tweeting police officer locations ottawa,non-rumor
`5.80E+17,incidents occurred national war memorial near rideau centre parliament hill morning ottnews,rumor
`5.80E+17,thoughts prayers everyone hometown today ottawa,non-rumor
`5.80E+17,ottawa shooting police killed guman believe still large reports httptcozp9akplh9p httptcof5jsyoog9b,rumor
`5.80E+17,working ottawa dowtown area follow instructions building management ottnews,non-rumor
`5.80E+17,update attacker shot dead parliament soldier shot war memorial httptcopp6hcfwcrw ottawashooting httptcotx8j82foyc,rumor
`5.80E+17,ottpolice rcmpgrcpolice asking public stay away downtown ottawa area ongoing investigation,non-rumor
`5.80E+17,leafs lock tragedy ottawa thoughts scene httptco627ve85uhh httptcoqpgorcteve,non-rumor
`5.80E+17,thoughts everyone city ottawa today,non-rumor
`5.80E+17,police asking tweet abt retweet otherwise report police locations amp activity ottawa help jobs safely please,non-rumor
`5.80E+17,watch live manhunt canadian parliament shooting suspect httptcoowi4jj0x5i via ctvnews httptcoiqissyhwp2,rumor
`5.80E+17,soldier gets cpr shot war memorial ottawa httpstcogifvpfccbv,rumor
`5.80E+17,ottawa police building remain lockdown closed public ottnews,non-rumor
`5.80E+17,correct descriptor shooter radical muslim terrorist ottnews ottawashooting cdnpoli,non-rumor
`5.80E+17,breaking soldier shot canadian capital ottawa gunman believed entered parliamenthttptco3dwynf22ai,rumor
`5.80E+17,police confirm multiple suspects involved shooting incident ottawa war memorial vassykapelos amyminsky httptcoaf9hyt9bgx,rumor
`5.80E+17,breaking two three gunmen involved shooting canada war memorial ottawa police say httptcoqsangnqbew,rumor
`5.80E+17,inside parliament building ottawa shots fired police sweephttpstcofou4pbncdqfootage shot joshwingrove,non-rumor
`5.80E+17,according reports one gunman dead ottawa parliament shooting live coverage httptconzrplq5coo httptcof6pv2xgrbh,rumor
`5.80E+17,latest update attacker shot dead parliament soldier shot national war memorial httptcopp6hcfwcrw httptcohxodwizfj6,rumor
`5.80E+17,update police several shooting incidents investigated downtown ottawa httptco9maaywtu03 httptcoww0aqmzrib,rumor
`5.80E+17,raw video war memorial shooting httptcoc9wcps2af9 cbcnews,non-rumor
`5.80E+17,university ottawa lockdown earlier shooting canadas parliament buildings uottawadirect says httptco65jm05b8ts,rumor
`5.80E+17,ottawa police police stations closed due ongoing shooting situation public services available notice worldnews,non-rumor
`5.80E+17,shooting public places claiming insanity stealing peoples land mass genocides rt poeticgenius19 whats white culture,non-rumor
`5.80E+17,updated canadian soldier killed attack parliament hill ottawa httptcotmfdn2gabh,rumor
`5.80E+17,active shooting canada call america wednesday,non-rumor
`5.80E+17,thoughts prayers everyone ottawa morning,non-rumor
`5.80E+17,updated list reporters witnesses citizens police military tweeting downtown ottawa httpstcoicwqkfuppv,non-rumor
`5.80E+17,canadian forces bases across country closed public wake shooting soldier ottawa war memorial cdnpoli,non-rumor
`5.80E+17,updated attacker shot dead parliament soldier shot national war memorial httptco4kp3lib1ds cbcott ottnews,rumor
`5.80E+17,credible sources tell sunnewsnetwork may many five active shooters ottawa httptcoriheafk9wv httptcostc2o4wlcs,rumor
`5.80E+17,deeply saddened concerned events unfolding ottawa morning thoughts residents amp first responders,non-rumor
`5.80E+17,important ottawa police urging people tweet location police activity field shooting scene remains active,non-rumor
`5.80E+17,reports 2nd shooter shot downtown ottawa ottnews,rumor
`5.80E+17,breaking shooter dead according sources parliament hill,rumor
`5.80E+17,frightening events ottawa game yet postponed betting schools malls closed,non-rumor
`5.80E+17,shooting someone already bad enough shooting soldier guarding war memorial disgusting prayforottawa,rumor
`5.80E+17,bus service downtown ottawa currently major detours details httptcohcxdtq7ulk,non-rumor
`5.80E+17,breaking news new york times reporting canadian soldier shot died injuries heartbreaking cdnpoli ableg,rumor
`5.80E+17,sorry dont understand knock america issues gun control one minimizing ottawa shooting,non-rumor
`5.80E+17,rightnow bridges ottawa gatineau closed active search still underway 37est parliamenthill httptcofmpaccai2b,rumor
`5.80E+17,ottawa police service numerous gunmen canada war memorial shooting one person shot httptcoznhxk6wboy,rumor
`5.80E+17,latest numerous gunmen involved ottawa shooting attacks manhunt police spokesman httptcozp9akplh9p httptcohji1netpu8,rumor
`5.80E+17,leaf players say heard shots morning tomb unknown soldier scary events ottawa,rumor
`5.80E+17,breaking police source told globe second shooter shot ottawashooting,rumor
`5.80E+17,latest cbcnews ottawa shootings gunman killed inside parliament soldier shot war memorial httptcokngapktsce cdnpoli,rumor
`5.80E+17,breaking one gunman killed following shooting parliament hill sources confirm ctv news,rumor
`5.80E+17,dramatic video gunfire inside parliament hill httptco8xcefbbnza httptcosyydkfoxai,rumor
`5.80E+17,breaking ctvottawa confirms one shooter dead police working assumption one shooter shooting incidents ottnews,rumor
`5.80E+17,thoughts everyone ottawa time,non-rumor
`5.80E+17,update reports shooter shot addition one shot killed earlier parliament hill ottnews ottawashooting,rumor
`5.80E+17,always say ottawa best place safe nothing changes today people change capital,non-rumor
`5.80E+17,breaking news ottawa police confirm least separate shooting sites multiple suspects httptcolxfiyavimz,rumor
`5.80E+17,easty say happen tomorrow people assemble parliament hill,non-rumor
`5.80E+17,canadian military bases closed soldier shot natl war memorial ongoing situation near parliament williamsjon,non-rumor
`5.80E+17,ottawa police issued statement three separate shooting incidents inside parliament one war memorial one rideau centre,rumor
`5.80E+17,raw video parliament hill shootingvideo inside parliament hill shots fired breaking httptcosiwoid5roh cbcnews,rumor
`5.80E+17,alone today ottawa need talk cry whatever,non-rumor
`5.80E+17,ottawa police report third shooting incident rideau centre word injuries,rumor
`5.80E+17,ctv received confirmation ottawa police three different shooting incidents ottnews ottawashooting,rumor
`5.80E+17,stay safe ottawa phrase need never uttered world,non-rumor
`5.80E+17,watch bullets fly inside hallways parliament hill httptcor8buhfrvx2 ottawa,rumor
`5.80E+17,breaking ottawapolice confirm one death parliament hill separate shootings war memorial hill near rideau centre ctvottawa,rumor
`5.80E+17,matter ottawa theres chance mom worried textemailcall family,non-rumor
`5.80E+17,coincidence nobelist malala youseafzai receive honorary canadian citizenship ottawa today httptcoftqyvddtlo,non-rumor
`5.80E+17,new ottawa police reporting 3rd shooting scene rideau centre mall close parliament hill,rumor
`5.80E+17,gun fire exchange parliament hill building ottawa parliament shooting canada besafeottawa httpstco9rdjnvvkjw via martinvass2,rumor
`5.80E+17,gunman killed shooting war memorial canadian parliament ottawa media reports say httptcosj9jokow2x,rumor
`5.80E+17,keep advice breaking news consumers handbook mind coverage ottawa continues httptcoxhpjzvyxrj httptcotow6ji8ng7,non-rumor
`5.80E+17,ottawashooting police say investigating shootings one war memorial one parliament hill one near rideau centre,rumor
`5.80E+17,ottawa police report third shooting rideau centre reports injuries,rumor
`5.80E+17,breaking ottawa police confirm least three separate shootings,rumor
`5.80E+17,livecoverage several shooting incidents near canadian parliament httptco0nuzhcvr2j httptcozjo2hqqtlf,rumor
`5.80E+17,ottawa police say shootings ottawa parliament war memorial rideau centre mall httptcos0be3bann7,rumor
`5.80E+17,update one shooter possibly loose ottawa amid reports shootings city httptcotjyct5yqcv,rumor
`5.80E+17,breaking ottawa police confirm ctv news least three separate shootings,rumor
`5.80E+17,thoughts ottawa today important always look helpers httptcojih33zfgwq,non-rumor
`5.80E+17,breaking ottawa police confirming 3rd shooting one rideau centre mall word injuries oneottawashooting,rumor
`5.80E+17,due shooting parliament hill ottawa earlier currently lockdown update information available,non-rumor
`5.80E+17,praying everyone ottawa right,non-rumor
`5.80E+17,rcmp advises downtown ottawa stay away windows roofs due ongoing police incident,non-rumor
`5.80E+17,white house official pres obama briefed shooting incidents canadian capital marykbruce,non-rumor
`5.80E+17,please exercise restraint looking someone group immediately blame ottawashooting,non-rumor
`5.80E+17,canada parliament shooting still active shooter separate shooting sites multiple gunmen gunmen deadhttptcolxfiyavimz,rumor
`5.80E+17,live stream cbc news coverage ottawashooting httptcofumpnqi8iw mobile httptcokf24bmajdq cbcnn httptcoaux7jignowb,non-rumor
`5.80E+17,dramatic photos wcuddington scene ottawa httptcom4fe8krpxl httptcoxzlbn9m2ga,non-rumor
`5.80E+17,thinking friends ottawa morning please safe,non-rumor
`5.80E+17,shooting soldiers guarding war memorialterrorism really doesnt get much cowardly bastards,rumor
`5.80E+17,ctvottawa confirms separate shootings one parliament hill one national war memorial one rideau centre,rumor
`5.80E+17,thinking everyone ottawa right please careful stay safe situation control,non-rumor
`5.80E+17,listen live special coverage parliament hill shooting httptcotynhh2ufcb httptcofwn00hbv6k,non-rumor
`5.80E+17,video cbc nn globeandmail video showing shots fired inside parliament hill cdnpoli httptcojt71xtmlet httptcoqlqgmla6zt,rumor
`5.80E+17,im like shooting star ive come far cant go back used jasmine aladdin,non-rumor
`5.80E+17,police pursuit multiple shooters ottawa pm safe downtown buildings lockdown httptco3fcwafpa4y httptcosi3yy0brrd,rumor
`5.80E+17,extended dramatic video gunfire inside hallways parliament hill globe mail httptcosbou4rap96 httptco71rnixs3eb,rumor
`5.80E+17,joerayment dramatic photos wcuddington scene ottawa httptconbnryercrm httptcoxxwgdow82q prayforottawa,non-rumor
`5.80E+17,ottawapolice incidents occurred national war memorial near rideau centre parliament hill live blog httptcoq98amohu7t,rumor
`5.80E+17,breaking 3rd shooting incident reported ottawa rideau centre mall,rumor
`5.80E+17,want commend courage bravery first responders ground ottawa right,non-rumor
`5.80E+17,thinking everyone ottawa morning thoughts prayers solider family canada,non-rumor
`5.80E+17,police say shooting scenes parliament war memorial rideau centre happened close together police say cbcott ottnews,rumor
`5.80E+17,ctv reports soldier shot war memorial still alive,rumor
`5.80E+17,us embassy ottawa lockdown following shooting incidents near canadian parliament williamsjon,non-rumor
`5.80E+17,breaking ctv ottawa confirms separate shootings one parliament hill one national war memorial one near rideau centre,rumor
`5.80E+17,cxn gunman shot dead parliament hill attack soldier shot ottawa httptcopp6hcfwcrw report soldier dead ottawashooting,rumor
`5.80E+17,new us embassy ottawa lockdown due shooting near canadian parliament usembassyottawa,non-rumor
`5.80E+17,remember tweet location police ottawa ottawashooting,non-rumor
`5.80E+17,thoughts prayers canadian soldier shot guarding national war memorial ottawa ableg cdnpoli,rumor
`5.80E+17,breaking police confirm multiple suspects ottawa shooting httptcotyceeltjqc,rumor
`5.80E+17,thoughts prayers ottawa affected today,non-rumor
`5.80E+17,ottawa footage video captures moment shots fired canadian parliament httptcozp9akplh9p httptcockao04v5gm,rumor
`5.80E+17,seeing reports soldier shot war memorial still alive hang brother canada,rumor
`5.80E+17,witness tells cnn gunman shot one two soldiers standing guard war memorial ottawa live blog httptcoq98amohu7t,rumor
`5.80E+17,leafs currently lockdown mode hotel downtown ottawa,non-rumor
`5.80E+17,watch video showing gunfire inside canadas parliament ottawa httptcocjpxnak8ns httptcohxwr2ner2k,rumor
`5.80E+17,clarification shooting near rideau centre police say inside cbcott ottnews,rumor
`5.80E+17,breaking news canadian officials calling todays parliament shooting terrorist attack httptcolxfiyavimz,rumor
`5.80E+17,ottawa shootings check breaking news handbook onthemedia httptcocbuzxvqblg httptcoryj8ktquu4,non-rumor
`5.80E+17,extended video numerous gunshots heard inside centre block parliament hill httptcopvcagkdahe,rumor
`5.80E+17,heres footage shot globe reporter joshwingrove gun fire parliament hill building httptcofou4pbncdq,rumor
`5.80E+17,covered polytechnique concordia dawson shootings remember least half hear ottawa shootings prove untrue,non-rumor
`5.80E+17,breaking us embassy ottawa lockdown due shooting parliament hill,non-rumor
`5.80E+17,please post videos photos ongoing incident ensure safety first responders public ottawa jt,non-rumor
`5.80E+17,canadian officials calling todays parliament shooting terrorist attack httptco5vymwgwyx3 httptcojqn39e7hta,rumor
`5.80E+17,latest photos ottawas parliament hill httptcoibngjig2pg httptcofteukz6d9x,non-rumor
`5.80E+17,police confirm 3rd shooting area rideau centre mall downtown ottawa east parliament hill cdnpoli,rumor
`5.80E+17,confirmed reports three shootings ottawa war memorial parliament shopping mall,rumor
`5.80E+17,police ottawa searching suspected gunmen shot solider fired shots parliament morning httptco1ckihwuczl,rumor
`5.80E+17,thoughts emergency responders bystanders ottawa please stay safe,non-rumor
`5.80E+17,simply shocked whats unfolding canadas capital thinking ottawa,non-rumor
`5.80E+17,breaking president obama briefed situation ottawa white house official says httptcoqsangnqbew,non-rumor
`5.80E+17,thoughts nations capital right praying affected todays tragic events parliament hill ottawa,non-rumor
`5.80E+17,rcmp asking assistance photos videos ottawa shooting send natdivmediadivnatrcmpgrcgcca,non-rumor
`5.80E+17,ottawa police confirm separate shooting incidents today parliament hill war memorial near area mall cp24 cbcnews,rumor
`5.80E+17,latest shooting ottawa w dramatic video inside canadian parliament building globeandmail httptcoixfjojwp6y,rumor
`5.80E+17,shooting locks canadian parliament one suspect reported dead httptcoh3z4ptvsuu,rumor
`5.80E+17,watch video ottawa shooting witness clips httptcohnxkafjdp1,non-rumor
`5.80E+17,least shots fired inside parliament ottawa httptco1ckihwuczl,rumor
`5.80E+17,rideau centre general manager tell globeandmail shooting inside mall people cant leave enter ottawashooting,rumor
`5.80E+17,sort live terror shooting seems going canada pray polite neighbors north,non-rumor
`5.80E+17,photos scene unfolding multiple shootings ottawa morning httptcoxq8ihiuf5x httptcows4pka5ddg,non-rumor
`5.80E+17,police say shots fired places national war memorial parliament hill near rideau centre mall httptcozuiqfdn4nl,rumor
`5.80E+17,stand w canadian partners scene unfolds ottawa stand resolute defense nationsfirst responders thoughts,non-rumor
`5.80E+17,bright spot ottawa today ottawaparamedic amazing job keeping young soldier alive,non-rumor
`5.80E+17,canada remain true north strong free today events cant wont break spirit cdnpoli ottawashooting,non-rumor
`5.80E+17,police confirming 3rd shooting rideau center ottawa popular shopping mall downtown tense city ottawastrong,rumor
`5.80E+17,watch live cp24s special coverage shootings ottawa httptcofbehwi1vza httptco9jjqmrkfkg,non-rumor
`5.80E+17,careful read ottawa repeat tipsheet via archiemc httptcobifpgrpmea,non-rumor
`5.80E+17,breakingottawa police asking facebook twitter users stop reporting police locations parliamenthill,non-rumor
`5.80E+17,shot inside caucus room shooting ctvottawa ottawashooting httptcojjewpnbuw7,non-rumor
`5.80E+17,police investigating three shooting incidents ottawa parliament shopping mall war memorial httptco1ckihwuczl,rumor
`5.80E+17,ap video gunman shoots canadian soldier standing guard national war memorial ottawa httptcoeldzhza0q9,rumor
`5.80E+17,nhl reportedly monitoring situation ottawa shootings could postpone sensleafs game httptcooavgx3e04i httptcokiybrf4d5y,non-rumor
`5.80E+17,ottawa police asking facebook twitter users stop reporting police locations,non-rumor
`5.80E+17,doors barricaded rt grahamctv shot inside caucus room shooting ctvottawa ottawashooting httptcooperh3gimu,non-rumor
`5.80E+17,police say shots fired ottawa sites national war memorial parliament hill rideau shopping centre httptcoronqpubuqc,rumor
`5.80E+17,chairs piled door surreal rtgrahamctv shot inside caucus room shooting httptcocmjbhsdsmo,non-rumor
`5.80E+17,locations shootings ottawa around parliament hill goofleearthfrom cnnjasonhttptcodsyngbc02u,rumor
`5.80E+17,map areas ottawa shootings reported national war memorial near rideau centre parliament hill httptconcfncr5vcv,rumor
`5.80E+17,photos scene ottawa police confirm several shootings httptco1vpa0rerqg httptcodjjyh5s30c,rumor
`5.80E+17,breaking police asking media run get away still active shooting reports police guns drawn rideaucentre ottnews,non-rumor
`5.80E+17,yet sadly evidence brave forces amp police folks courage takes rush others rush ottawa,non-rumor
`5.80E+17,sending thoughts prayers everyone ottawa difficult time pls follow ottawapolice amp rcmpgrcpolice latest info,non-rumor
`5.80E+17,thoughts prayer goes involved tragic events morning ottawa,non-rumor
`5.80E+17,canadians sadness amp outrage todays ottawashooting tragedy let us unitedresolved stand strong together cdnpoli,non-rumor
`5.80E+17,know far canadian parliament shooting ottawa httptco3nufy6johm httptco9iwwhbppzv,non-rumor
`5.80E+17,ottawa shootings reportedly three locations parliament war memorial shopping mall httptcofulkb6vpev httptcoml9ivehy6q,rumor
`5.80E+17,gunman loose downtown ottawa canadian citizens disarmed government target rich environment ottawashooting,rumor
`5.80E+17,thoughts prayers everyone affected tragic events ottawa morning stay safe ottawastrong,non-rumor
`5.80E+17,reports shooting rideau centre misstated shooting location,rumor
`5.80E+17,harper make statement today gunman shot dead parliament pm safe parliament hill briefed security officials,rumor
`5.80E+17,norad increases number planes higher alert status ready respond necessary official says httptcoqsangnqbew ottawashooting,rumor
`5.80E+17,parliament caucus room barricaded chairs via grahamctv httptcocjqhgwha38 ottawa,non-rumor
`5.80E+17,monitoring situation ottawa touch clubs,non-rumor
`5.80E+17,overwhelming guilty verdict blackwater case murder manslaughter weapons declares nisour square shooting criminal act,non-rumor
`5.80E+17,striking image rt acarvin parliament caucus room barricaded chairs via grahamctv httptcocmccwcdtsf ottawa,non-rumor
`5.80E+17,incredible shot woman gives mouthtomouth fallen soldier war memorial httptcoyv1uipyjjs httptco1yetcecvm5,non-rumor
`5.80E+17,ottawa police confirm multiple suspects shooting saying possibly shooters httptcoin9ogoxyxm,rumor
`5.80E+17,okay scared ottawa,non-rumor
`5.80E+17,breaking two new patients coming ottawa hospital civic campus one gunshot wounds confirmed ottnews,rumor
`5.80E+17,stunning photo inside caucus room shooting httptcowggcpeyz67httptcooperh3gimu,non-rumor
`5.80E+17,well never forget today amp brave men women working hard protect capital thank ottawa httptco7ndhv6mtym,non-rumor
`5.80E+17,stay safe everyone back home ottawa prayforottawa,non-rumor
`5.80E+17,sickening news morning thoughts downtown law men women working keep city safe ottawa,non-rumor
`5.80E+17,hoping everyone ottawa safe,non-rumor
`5.80E+17,photos ottawashooting scene unfolding reports multiple shootings httptco2wfcajf7kx httptcooj00x6o0xw,non-rumor
`5.80E+17,first response ottawashooting make political point humanity sadly sorely lacking,non-rumor
`5.80E+17,police confirm several shootings ottawa pm safe downtown buildings lockdown httptcowx22npkcfs httptcoflvvbw7cu2,rumor
`5.80E+17,breaking four blackwater guards convicted voluntary manslaughter baghdad shooting httptcohr7xe18rj2,non-rumor
`5.80E+17,breaking ottawa civic hosp official says two new patients enroute hospital wgunshot wounds stable ctvottawa ottnews,rumor
`5.80E+17,police bystanders soldiers rushed help memorial shooting ottawa httptcoao700dweow httptcotsghpnquhx,non-rumor
`5.80E+17,response ottawa incidents norad increased number planes higher alert status ready respond needed httptcoq98amohu7t,rumor
`5.80E+17,thoughts everyone ottawa today stay safe,non-rumor
`5.80E+17,police canada confirmed nbc multiple gunmen involved appears coordinated series shootings ottawa,rumor
`5.80E+17,us jury finds four former blackwater guards guilty nearly every count related baghdad shooting,non-rumor
`5.80E+17,areas ottawashootings reported httptcokkgffesrd5 httptcovvyip1fqjm,rumor
`5.80E+17,governing partys meeting wow acarvin parliament caucus room barricaded chairs via grahamctv httptcojlmqrlm2tu ottawa,non-rumor
`5.80E+17,incredible photo woman gives mouth mouth wounded solider ottawashooting httptcofd2wpl76z2 httptcoeh7urlztef,non-rumor
`5.80E+17,senior us official canadian government informed us one shooter dead ottawa live blog httptcoq98amohu7t,rumor
`5.80E+17,update ottawa police confirm gunman canada shooting shot killed search possible additional gunmen httptcosv7zh50tlf,rumor
`5.80E+17,chairs door mt grahamctv photo inside caucus room shooting httptcoelageubvm1,non-rumor
`5.80E+17,bc stands canada violence ottawa brave men women keeping capital safe,non-rumor
`5.80E+17,timing parliament shootings hour later mps dozens reporters would hall shooting took place,rumor
`5.80E+17,rt scottbix incredible shot woman gives mouthtomouth fallen soldier war memorial httptcoetljykbry8 hillshooting,non-rumor
`5.80E+17,ottawa police asking fb twitter users stop reporting police locations movements,non-rumor
`5.80E+17,caucus room barricaded shooting httptcofgi0jtxe2f,non-rumor
`5.80E+17,evacuated roof parliament hill centre block dmatthewmillar httptcor6tuyajmtd httptco7wfnbylhiz ottawashooting,non-rumor
`5.80E+17,everyone ottawa please stay safe httptcobqam7b2wrh,non-rumor
`5.80E+17,surreal photo ottawa doors tory caucus room parliament hill blockaded furniture wow cdnpoli httptcoifntavhop2,non-rumor
`5.80E+17,terrible news ottawa today thoughts prayers everyone involved ottawastrong httptcoenlyevhhtk,non-rumor
`5.80E+17,breaking shots fired three separate locations ottawa say ottawa police httptco64ryfqadx1,rumor
`5.80E+17,ottawa shooting soldier shot memorial gunfire parliament pm safe speak later today httptcodknjoduorr,rumor
`5.80E+17,lockdown many buildings downtown ottawa lockdown shooting investigations continue httptcokkuguz4zhc cbcott ottnews,non-rumor
`5.80E+17,times like important stand together nation canadastrong ottawa stay safe remain vigilant httptcoummnjbfpvb,non-rumor
`5.80E+17,thoughts prayers toronto ottawa right families affected attacks,non-rumor
`5.80E+17,extended video guns raised officers rush towards rideaucentre httptcoyhpg2o8xeh httptcouspyju85as,rumor
`5.80E+17,canadian soldier shot ottawas war memorial reservist serving argyll sutherland highlanders hamilton ont,rumor
`5.80E+17,new victims en route ottawa hospital shot nonlifethreatening hospital says michaelctv cbcnews httptcowcqpcyqmxk,rumor
`5.80E+17,ottawa police service one hurt shooting near ottawas rideau centre live blog httptcoq98amohu7t,rumor
`5.80E+17,breaking rick hughes cbc hamilton soldier shot ottawa wednesday morning reservist serving hamilton,rumor
`5.80E+17,one hurt shooting ottawas rideau centre scene attacks canadian police say httptcoqsangnqbew ottawashooting,rumor
`5.80E+17,thoughts prayers canadians everyone ottawa brave women men armed forces today,non-rumor
`5.80E+17,kevin vickers head security parliament amp yr vet rcmp credited taking shooter ottawa httptcolpaukiqwvi,rumor
`5.80E+17,stay safe ottawa stay strong canada,non-rumor
`5.80E+17,sending love amp support hometown ottawa canada pls everyone safe thinking u,non-rumor
`5.80E+17,days like today make us realize hockey game ottawa safe,non-rumor
`5.80E+17,prayers ottawa,non-rumor
`5.80E+17,may want stop take deep breath tweeting insults parliamentarians reporters ottawa today ok,non-rumor
`5.80E+17,public servants asked stay inside buildings active shooter investigation continues ottawa cbcott ottnews,non-rumor
`5.80E+17,canadian soldier shot ottawa reservist hamilton httptcomtyfpfqljy hamont canpoli ottawashooting httptcogeeqsng1mi,rumor
`5.80E+17,pic conservative mp nina grewal caucus getting lot attn twitter grahamctv ottawashooting httptcovauaopcjrd,non-rumor
`5.80E+17,anyone downtown ottawa reminded stay inside away roofs windows doors please stay safe cbcott ottnews,non-rumor
`5.80E+17,breaking canadian embassy washington dc locked precaution ottawashooting httptcofut4tjg3sb httptcoidzuwnhoim,non-rumor
`5.80E+17,ottawa police confirm looking one suspect parliament hill shooting httptco1ckihwuczl,rumor
`5.80E+17,refuse silenced ontario premier kathleen wynne defiant face ottawa shooting httptcoy03rcs0loz httptco9o4cc8wbpk,non-rumor
`5.80E+17,mycanada passing woman valiantly tries save hamilton reservist shot ottawa ottawashooting httptco0uhedcaylc,rumor
`5.80E+17,ottawa police confirm cbcnews still seeking suspects shootings parliament hill war memorial nearby mall,rumor
`5.80E+17,canadian authorities aware potential isisstyle attacks weekshttptcoaemhminjxm ottawashooting httptcotdl4wl1lfl,rumor
`5.80E+17,tip sheet helping kids cope media coverage war traumatic events httptco6nvm8bwgop ottawashooting httptcosscghn9poe,non-rumor
`5.80E+17,events like todays ottawa rare impact us tips help support children httptcowrbmvjfgwd,non-rumor
`5.80E+17,security bulletin parliament hill ottawa httptco79dhcpi530,non-rumor
`5.80E+17,breaking minister employment jason kenney confirms soldier shot ottawa dead httptcolktcyy4qry httptcoconhvf3dyu,rumor
`5.80E+17,thoughts city ottawa affected todays events safe,non-rumor
`5.80E+17,kevin vickers sergeantatarms reportedly killed shooter inside parliament buildings ottawa httptcorura9tozpu,rumor
`5.80E+17,photo parliament hill caucus room barricaded furniture due active shooter situation httptco8pvyx8s91t httptco6chbf5ksme,non-rumor
`5.80E+17,idea responsible ottawashooting instant commentators talking isis please stop politics fear,non-rumor
`5.80E+17,breaking canada soldier shot near parliament died official says,rumor
`5.80E+17,hero affanchowdhry kevin vickers head security parliament credited taking shooter ottawa httptcorvyete0kyq,rumor
`5.80E+17,breaking news one soldier died ottawa shooting suspects still large httptcolxfiyavimz,rumor
`5.80E+17,thoughts prayers go everyone downtown ottawa right prayforottawa special thanks officers protecting us,non-rumor
`5.80E+17,norad gone high alert posture result shootings ottawa us military officials say jimmiklaszewski,rumor
`5.80E+17,stay strong canada ottawashooting httptco7gvwfxh0ac,non-rumor
`5.80E+17,makes sad whats going ottawa right thoughts prays everyone involved everybody stay safe,non-rumor
`5.80E+17,afp official says canadian soldier died shot ottawashooting,rumor
`5.80E+17,stunning photos ottawa httptcoxqtgz88sg9 httptcobdhffala9l,non-rumor
`5.80E+17,breaking kenneyjason confirms soldier shot morning died parliamentary guard also wounded ottawashooting,rumor
`5.80E+17,breaking update canadian soldier injured parliament hill shooting dies httptcozp9akplh9p ottawa,rumor
`5.80E+17,admire way canadians responding ottawashooting keeping focus victims rather perpetrators,non-rumor
`5.80E+17,thoughts prayers affected shootings ottawa stay safe prayforottawa,non-rumor
`5.80E+17,watch sounds apparent gunfire inside halls canadas parliament hill httptcokzoom96nel httptcowozpsb6dxi,rumor
`5.80E+17,canadas minister employment jason kenney says soldier shot ottawa died torontostar httptcoyxhpfmqgic,rumor
`5.80E+17,thinking laytons words love better anger hope better fear optimism better despair ottawashooting,non-rumor
`5.80E+17,according httptcoxmwnrilcaps gm survey kobe 3rd best shooting guardhttptcod2imqp69yz httptcod8fvufwmni,non-rumor
`5.80E+17,ottawa hospital received patients stable condition wont give update soldier deferring dnd cbcott ottnews,rumor
`5.80E+17,wow photo mp nina grewal showing doors reading room barricaded parliamenthill ottawa httptcovgsuhqqadi,non-rumor
`5.80E+17,canada parliament shooting active shooter separate shooting sites injd multiple gunmen soldier deadhttptcolxfiyavimz,rumor
`5.80E+17,ottawa hospital says treating three patients two stable condition shooting incident httptco1ckihwuczl,rumor
`5.80E+17,phone lines open use need someone talk ottawa,non-rumor
`5.80E+17,leafs joffrey lupul praises officers ottawa team remains lock httptcoopoonxtsiv httptcoybjiu2jaap,non-rumor
`5.80E+17,update ottawacdn soldier dies shootingparliamentary guard woundedparliament hill still lockdownhttptcochbtwxvn0q,rumor
`5.80E+17,powerful war memorial mouthtomouth image shared ottawacitizens wayne cuddington ottnews ottawa httptcofcsgb097g9,non-rumor
`5.80E+17,follow live coverage shootings ottawa httptcormeiedach3 ottawashooting httptcogbhlm8pwgp,non-rumor
`5.80E+17,breaking spokesperson ottawa hospital confirms received three patients two stable condition,rumor
`5.80E+17,sending love people ottawa safe everyone xoxoxo,non-rumor
`5.80E+17,friends mom korea right met yonghwa shooting drama go httptcofwmasccy70,non-rumor
`5.80E+17,chaos broke ottawa shooting war memorial reports gunfire parliament httptcopvoh34l2ea,rumor
`5.80E+17,soldier shot canada national war memorial died police looking several suspects httptcodqyfsfkghx httptcoqwjau3slib,rumor
`5.80E+17,mps credit sergeantatarms saving lives parliament hill shootingshttptco3nfiswtwpt httptcov5tibcqgj9,rumor
`5.80E+17,dudes shot ottawa white going conversation terrorism going mental illness,non-rumor
`5.80E+17,ottawa youth need talk crisis line613 toll free eastern ontariocrisisysbonca,non-rumor
`5.80E+17,soldier shot gunman outside canada parliament dies minister says police search multiple suspects,rumor
`5.80E+17,jason kenney says canadians soldier shot war memorial today died employment minister also says parliamentary guard wounded cdnpoli,rumor
`5.80E+17,leafs could hear shots rooms told ottawashooting,rumor
`5.80E+17,ottawa hospital says received patients shootings stable wont give update soldier statement httptcoaf9hyt9bgx,rumor
`5.80E+17,prayforottawa american veteran prayers w canadian soldier died todays shooting standing duty war memorial,rumor
`5.80E+17,conservative caucas informed soldier shot war memorial ottawa morning died sad development shocking day,rumor
`5.80E+17,prayers go victims ottawa shooting,non-rumor
`5.80E+17,thoughts friends ottawa stay safe everyone,non-rumor
`5.80E+17,whoops sorry ottawa,non-rumor
`5.80E+17,breaking canadian officials soldier shot ottawa died httptcoddbmihjxgb,rumor
`5.80E+17,canadas parliament building locked shooting least one guard injured httptconrsnlg2s04 photo ap httptcoqpxf4if6am,rumor
`5.80E+17,conservative caucus told canadian soldier shot war memorial died soldier named reservist based hamilton,rumor
`5.80E+17,heart aches family canadian soldier murdered morning ottawa rip,rumor
`5.80E+17,ottawa friendscanadians coast coast ottawashooting cdnpoli,non-rumor
`5.80E+17,thoughts amp prayers go everyone affected events nations capital ottawastrong ottawa httptcoo8himce5z3,non-rumor
`5.80E+17,youre ottawa upset scared anxious todays events dont hesitate call distresscentreo ottawashooting,non-rumor
`5.80E+17,saw one soldiers laying ground witnesses depict chaos ottawashooting httptcovezxrhnpcd httptco1hhii1ykh2,rumor
`5.80E+17,developing story gunman killed ottawa shootings confirmed httptcoamigglyu4l,rumor
`5.80E+17,video reporter captures shootout ottawas parliament hill building watch httptcobiemkwavtc httptcod0bakjcrab,rumor
`5.80E+17,statement ottawa hospital received patients stable condition httptcozu5hyprgdl,rumor
`5.80E+17,thoughts prayers everyone ottawa staystrong prayforottawa,non-rumor
`5.80E+17,still trapped barricaded office elsewhere ottawashooting,non-rumor
`5.80E+17,ottawashooting rcmpnatdiv press conference held pm today,rumor
`5.80E+17,thoughts ottawa,non-rumor
`5.80E+17,breaking soldier shot national war memorial died ctv confirmed,rumor
`5.80E+17,home true north strong amp free thoughts amp prayers people ottawa amp canada ottawastrong httptcorsueznpkfk,non-rumor
`5.80E+17,breaking terrible news day far soldier died injuries ottawashooting ctvnews ctvottawa,rumor
`5.80E+17,map locations shootings ottawa war memorial house commons nearby mall httptcox88z25p9tx httptcoofsyyjq4qp,rumor
`5.80E+17,security measures heightened across canada amid ottawa attack httptcofzc4in78ro httptcokmnuubrwom,non-rumor
`5.80E+17,rcmp asking assistance photos videos ottawa shooting please send natdivmediadivnatrcmpgrcgcca,non-rumor
`5.80E+17,white house says us ready offer canada necessary assistance shootings ottawa barackobama speak pm harper today,rumor
`5.80E+17,canadian cabinet minister jason kenney says canada terrorised intimidated following ottawashooting,non-rumor
`5.80E+17,breaking ctv news reports solider wounded shooting national war memorial died,rumor
`5.80E+17,hearing news thoughts today back home citizens dedicated public servants ottawa across country,non-rumor
`5.80E+17,nhl decided postpone tonights sensleafs game ottawa right decision decision,rumor
`5.80E+17,news attack ottawa extremely disturbing pray everyones safety,non-rumor
`5.80E+17,breaking nhl game toronto maple leafs ottawa senators scheduled tonight ottawa postponed,rumor
`5.80E+17,game toronto maple leafs ottawa senators scheduled tonight ottawa postponed nhl says,rumor
`5.80E+17,breaking nhl postpones tonights senatorsleafs game ottawa,rumor
`5.80E+17,nhl announces tonights game leafs sens ottawa postponed,rumor
`5.80E+17,nhl cancels tonights game ottawa toronto due todays shootings senators host maple leafs,rumor
`5.80E+17,nhl says date rescheduled game tbd nhl wishes express sympathy prayers affected tragic events ottawa,rumor
`5.80E+17,thinking laytons words love better anger hope better fear optimism better despair ottawashooting,non-rumor
`5.80E+17,map three ottawa locations police say shots fired httptcoqrp5baujcr httptconutt2vyvpd,rumor
`5.80E+17,canadian soldier shot war memorial ottawa died according two members parliament live blog httptcoq98amohu7t,rumor
`5.80E+17,nhl postpones maple leafs-senators game tragic shootings ottawa httptcoanvffm4jca httptcog60sdeuw6r,rumor
`5.80E+17,youre thinking tweet situation ottawa conveniently benefits party step away twitter cdnpoli,non-rumor
`5.80E+17,video petermansbridge currently know ottawashooting httptco5xbsdqf561 httptcoekzlsuznj9,non-rumor
`5.80E+17,breaking hospital says received victims ottawa shootings stable condition,rumor
`5.80E+17,canadian soldier shot war memorial died officials reported httptcoukqg1qvqm6 ottawashooting httptcobbg09qly26,rumor
`5.80E+17,breaking news ottawa police confirm abc news looking suspects one dealt httptcolxfiyavimz,rumor
`5.80E+17,ottawa police rcmp announcing joint press conference time shortly cbcott ottnews,rumor
`5.80E+17,rcmp hold news conference close pm provide update shootings ottawa,rumor
`5.80E+17,ottawa police spokesman tells abc news suspects sought following shootings canadian capital worldnews,rumor
`5.80E+17,soldier shot war memorial ottawa died live coverage httptcopqpji0hgfi,rumor
`5.80E+17,nhl postpones wednesdays leafssenators game due tragedy ottawa httptcoohec0ceae7 httptcosleicmoun6,rumor
`5.80E+17,update uottawa courses exams officially cancelled whole day lockdown still effect stay indoors stay safe ottawa ottcity,non-rumor
`5.80E+17,folks attending saturdays nhl game ottawa youre belting canada whole nation let rip,non-rumor
`5.80E+17,ottawa one worlds great cities todays events change,non-rumor
`5.80E+17,shooting investigation going hours much downtown ottawa still lockdown httptcoalz6qu6mca cbcott ottnews,non-rumor
`5.80E+17,ottawa shooting soldier shot memorial died globe ctv harper speak later todayhttptcodknjoduorr,rumor
`5.80E+17,thoughts ottawa today happening terrible staysafeottawa,non-rumor
`5.80E+17,hearts prayers go everyone affected shootings ottawa today,non-rumor
`5.80E+17,nhl postpones tonights leafssenators game ottawashooting httptcoa6jxxm20nz httptcog80sbmbtlv,rumor
`5.80E+17,petermansbridge tells us know right ottawashooting httptcoybg1huoqda,non-rumor
`5.80E+17,could smell gun powder mps eyewitnesses describe ottawa shooting scene httptco3la2opraiw httptcomgcoyzfuqd,non-rumor
`5.80E+17,thoughts affected todays events ottawa,non-rumor
`5.80E+17,prayers ottawa hope resolved soon,non-rumor
`5.80E+17,ottawashooting canadas let damn officials figure whats going american media starts fearmongering,non-rumor
`5.80E+17,tonights game maple leafs amp senators postponed shootings ottawa morning httptcooxprxajwce,rumor
`5.80E+17,everyone ottawa please stay safe prayforottawa indonesia,non-rumor
`5.80E+17,remembrance day ceremony ottawa emotional every year cant imagine like year entire country may,non-rumor
`5.80E+17,rcmp asking assistance photos videos ottawa shooting please send natdivmediadivnatrcmpgrcgcca,non-rumor
`5.80E+17,thoughts good friends amp neighborsto north weloveyoucanada ottawashooting,non-rumor
`5.80E+17,surreal photos ottawa vip escorted sparks street httptcom4fe8krpxl httptcodwl9ovxlqj,non-rumor
`5.80E+17,ottawa hospital confirms treating ottawashooting victims stable conditionhttptcoiblawejeed httptcozsoc0vxokn,rumor
`5.80E+17,ive left hill want say im really impressed way ottawa police rcmp handled miserable business,non-rumor
`5.80E+17,parliament hill attack ottawa residents captures images chaos amidst lockdown httptcozzqxihygfx httptcoy0hkxmlydp,non-rumor
`5.80E+17,image kellyhobson shows police running search buildings downtown ottawa httptcolltw5skkje,non-rumor
`5.80E+17,ttc says implemented heightened security across entire transit system light shootings ottawa,non-rumor
`5.80E+17,leafssens game postponed shootings parliament hill httptco19satvffkt,rumor
`5.80E+17,safe ottawa praying everyone involved today,non-rumor
`5.80E+17,harper cancels malala citizenship event wake ottawa shootings httptcojzgipsgik6 ottawashooting httptcofg7pchudmk,rumor
`5.80E+17,thoughts go impacted todays senseless attacks ottawa proudlycanadian proudlyfree westandonguardforthee,non-rumor
`5.80E+17,terror canada amp israel today soldier murdered ottawa baby murdered jerusalem extremist terror scourge modern world,non-rumor
`5.80E+17,update lockdown rideau centre ottawa lifted,rumor
`5.80E+17,rcmp hold news conference ottawa shootings pm et pt watch live coverage httptcokngapktsce,rumor
`5.80E+17,chief defence staff mt joerayment surreal photos ottawa vip escorted sparks st httptcofyb1qefgcp httptcofxctvlrada,rumor
`5.80E+17,ottawa hospital confirms received patients stable condition live blog httptcoq98amohu7t,non-rumor
`5.80E+17,thoughts prayers city ottawa affected todays events,rumor
`5.80E+17,canadian authorities given name suspect ottawa attacks us feds ask fbi assistance sr us law enforcement official,non-rumor
`5.80E+17,canadian authorities given name suspect ottawa attacks us feds ask fbi assistance sr us law enforcement official,rumor
`5.80E+17,shooting incidents ottawa today ongoing investigation,non-rumor
`5.80E+17,update mornings shooting incidents occurred national war memorial parliament hill rideau centre,rumor
`5.80E+17,breaking ottawa police say believe one shooter,rumor
`5.80E+17,ottawa police press release,non-rumor
`5.80E+17,one shooting victim succumbed injuries member canadian forces thoughts prayers loved ones,rumor
`5.80E+17,american media stop calling ottawashooting canadas dont know yet canadians prefer spread factsnot fear cdnpoli,non-rumor
`5.80E+17,prayers ottawa directly affected family soldier died god keep land glorious free,rumor
`5.80E+17,breaking ottawa police confirm member canadian forces succumbed injuries hospital following shooting,rumor
`5.80E+17,breaking news ottawa police confirm one suspect killed suspects remain large,rumor
`5.80E+17,contrary earlier reports incident occurred near rideau centre ottawa police say,rumor
`5.80E+17,ottawa police confirm fatal shooting canadian soldier war memorial shooting death gunman parliament,rumor
`5.80E+17,soldiers cenotaph editorial cartoon brian gable,non-rumor
`5.80E+17,media advisory update current operation respect shootings ottawa downtown core,non-rumor
`5.80E+17,ottawa police correct info shooting rideau shopping centre everything points one gunman,rumor
`5.80E+17,ottawa police confirm male shooting suspect died one custody,rumor
`5.80E+17,canada fuck suppose nice people ottawashooting,non-rumor
`5.80E+17,rcmp news conference ottawa shootings expected,rumor
`5.80E+17,breaking police say soldier suspected gunman dead ottawa shootings,rumor
`5.80E+17,stay away downtown area operation continues,non-rumor
`5.80E+17,tragedy mounts soldier shot dies wounds ottawa hospital deep sympathy family friends shooting ottawa,rumor
`5.80E+17,police say two shooting incidents ottawa one war memorial parliament hill,rumor
`5.80E+17,pictures video suspect email natdivmediadivnatrcmpgrcgcca ottawa ottcity ottnews,non-rumor
`5.80E+17,anyone tips regarding shooting incidents looking report suspicious activity call x5493 call,non-rumor
`5.80E+17,new evidence including autopsy report supports darren wilsons account ferguson shooting,non-rumor
`5.80E+17,thoughts ottawa today ohcanada,non-rumor
`5.80E+17,ottawa police confirms gunman dead soldier killed ottawashooting,rumor
`5.80E+17,stay safe ottawaworld getting worse minutelike seriously society needs figure prayforottawa,non-rumor
`5.80E+17,im appalled todays attack ottawa offer full support pmharper canadian people deal incident,non-rumor
`5.80E+17,white house obama awaiting chance speak harper ottawa shooting,rumor
`5.80E+17,thoughts friends ottawa today difficult time staysafeottawa,non-rumor
`5.80E+17,updated shooting incident ottawa appearance coordinated attack,rumor
`5.80E+17,halfdozen witnesses provided testimony supports officers account michael brown shooting,non-rumor
`5.80E+17,officer wilson face criminal charges michaelbrown shooting defending prepared people,non-rumor
`5.80E+17,kudos first responders working ottawa today real heroes,non-rumor
`5.80E+17,saw long gun heard one shot eye witness ottawashooting canadian parliament,rumor
`5.80E+17,ottawa april stood us amp called us bostonstrong today stand ottawastrong ottawashooting,non-rumor
`5.80E+17,rcmp ottawa police news conference beginning watch live,rumor
`5.80E+17,prayers ottawa prayforottawa,non-rumor
`5.80E+17,police holding news conference provide latest todays incidents ottawa,rumor
`5.80E+17,police hold news conference ottawashooting follow coverage,rumor
`5.80E+17,ottawa police chief confirms gunman soldier war memorial dead,rumor
`5.80E+17,players staff nhlpa city ottawa amp canadian armed forces personnel thoughts today,non-rumor
`5.80E+17,please forward tips photos videos natdivmediadivnatrcmpgrcgcca ottawashooting,non-rumor
`5.80E+17,canadian soldier shot war memorial died one three suspected gunmen also dead police say,rumor
`5.80E+17,thoughts ottawa today stay safe everyone,non-rumor
`5.80E+17,police ottawa call situation fluid dynamic unfolding confirm deaths soldier gunman cdnpoli,rumor
`5.80E+17,ottawa mayor jim watson says sad tragic day city country,non-rumor
`5.80E+17,police clarified two shootings ottawa today three war memorial parliament hill,rumor
`5.80E+17,sergeantatarms canadas parliament called hero shooting gunman entered building,rumor
`5.80E+17,mayor ottawa says sad amp tragic day city canada,non-rumor
`5.80E+17,update parliament hill attack soldier dies injuries gunman shot dead,rumor
`5.80E+17,terrible news ottawa thoughts,non-rumor
`5.80E+17,rip canadian soldier killed today ottawa thoughts prayers family amp friends canada,rumor
`5.80E+17,thoughts amp prayers families victims todays shootings ottawa well members parliament amp staff,non-rumor
`5.80E+17,police believe three gunmen involved shootings ottawa morning looking two shooters,rumor
`5.80E+17,canadian police say ottawashooting caught us surprise,non-rumor
`5.80E+17,ottawa police wont say still suspects large say still active operation live video,rumor
`5.80E+17,ottawa prayers canada,non-rumor
`5.80E+17,woke today believing ottawa safe place family ill go bed tonight thinking thing stay strong stay calm,non-rumor
`5.80E+17,today exhausting everyones emotions please know ottawa amp surroundings areas,non-rumor
`5.80E+17,thoughts prayers go ottawa,non-rumor
`5.80E+17,authorities refuse say whether parliament hill gunman canadian citizen whether one people terror surveillance list,non-rumor
`5.80E+17,fbi assisting case ottawa shooting sources confirmed ctv news,rumor
`5.80E+17,censorship rcmp asks public post photos videos ottawashooting,non-rumor
`5.80E+17,ottawashooting situation fluid ongoing remain vigilant aware tip line x5493,non-rumor
`5.80E+17,saddened death young man serving us great nation god bless ottawa ottawashooting,rumor
`5.80E+17,thoughts amp prayers go soldier killed ottawa shooting amp everyone affected ottawa prayforottawa,rumor
`5.80E+17,wilson claimed radioed assistance discredited dispatch transcripts,non-rumor
`5.80E+17,timeline unfolded attack ottawa,non-rumor
`5.80E+17,important message share children today ottawashooting,non-rumor
`5.80E+17,ottawashooting suspect killed dropped gun nut trained constantly youre welcome pansies,non-rumor
`5.80E+17,afternoon weve lowered flags half mast honour canadian reservist lost life ottawa,rumor
`5.80E+17,emergency responders escort vips building near parliament hill following ottawa shooting,non-rumor
`5.80E+17,firsthand account scene ottawa change country forever,non-rumor
`5.80E+17,thoughts affected todays events ottawa,non-rumor
`5.80E+17,ottawa shooting kevin vickers labelled hero taking gunman canadian parliament,rumor
`5.80E+17,case world wondering used seeing parliament hill ottawashooting,non-rumor
`5.80E+17,confirm large power outages ottawa arent related todays shootings,non-rumor
`5.80E+17,thoughts prayers city ottawa,non-rumor
`5.80E+17,received email message ottawapolice chief charles bordeleau ottshooting,non-rumor
`5.80E+17,ok cnnbreakingnews stop calling royal canadian mountain police ottawashooting heroes kevinvickers,non-rumor
`5.80E+17,girl comes watch ball start shooting crazy 3s,non-rumor
`5.80E+17,full white house statement obamas call ottawa,rumor
`5.80E+17,heart goes ottawa violence sickness force way lives loveforcanada liveinlove,non-rumor
`5.80E+17,statement hamilton mayor bob bratina death soldier ottawashooting,rumor
`5.80E+17,thoughts face tragic events ottawa nations capital,non-rumor
`5.80E+17,barricade chairs mps built protect ottawashootings,non-rumor
`5.80E+17,rcmp asking anyone pictures videos todays events ottawa submit following link,non-rumor
`5.80E+17,prime minister stephen harper address country tonight fatal shooting war memorial attack parliament,rumor
`5.80E+17,us army increases security tomb unknown soldier arlington natl cemetery precaution due ottawa shootings,rumor
`5.80E+17,condolences family fallen officer ottawa hero bravely stood defense country freedoms,rumor
`5.80E+17,violence ottawashooting left city edge chaos heres know,non-rumor
`5.80E+17,timid colours soldiers back guarding tomb unknown soldier todays shooting standforcanada,rumor
`5.80E+17,americans watch canadian coverage ottawashooting youll quickly realize pathetic shtshow us politics amp media become,non-rumor
`5.80E+17,obama condemns ottawa shootings outrageous offers help response,non-rumor
`5.80E+17,kevin vickers hailed hero took attacker parliament hill,rumor
`5.80E+17,ottawa shooting soldier dies injuries gunman shot dead,rumor
`5.80E+17,witnesses todays shooting incidents call ext,non-rumor
`5.80E+17,justin bieber playing hockey nice move couldnt even keep balance shooting,non-rumor
`5.80E+17,ottawapolice sent email muslim community leaders call feel unsafe theyre risk ottawashooting,non-rumor
`5.80E+17,things remember ottawashooting,non-rumor
`5.80E+17,thoughts amp prayers family amp friends soldier killed today line duty ottawa nation mourns loss,rumor
`5.80E+17,statement shooting incident ottawa elizabethmaympca october,non-rumor
`5.80E+17,meet kevin vickers hero shot parliament hill gunman ottawashooting,rumor
`5.80E+17,updated ottawa attack heightened fears canada target terrorists,non-rumor
`5.80E+17,canadian soldier standing guard thee gone thoughts w everyone affected shootings ottawa canadastrong,rumor
`5.80E+17,one strong proudtobeacanadian prayforottawa ottawashooting,non-rumor
`5.80E+17,kevinvickers hailed hero took attacker parliament hill,rumor
`5.80E+17,actually amazing rt todmaffin things remember ottawashooting,non-rumor
`5.80E+17,university ottawa longer lockdown cbcott ottnews,rumor
`5.80E+17,kevin vickers hailed hero took attacker,rumor
`5.80E+17,images scene deadly shooting ottawa,non-rumor
`5.80E+17,american canadian outlets covering shooting ottawa differently,non-rumor
`5.80E+17,important canadians vigilant report anything think suspicious local police ottawashooting,non-rumor
`5.80E+17,nice touch penguins host flyers tonight canadian national anthem performed pregame support events ottawa,non-rumor
`5.80E+17,continually assessingmonitoring situation ensure jobs keeping canadians safe ottawashooting,non-rumor
`5.80E+17,sad someone died ottawa die country mobilize war takes going,non-rumor
`5.80E+17,us officials tell cbs news name dead ottawa shooting suspect michael zehafbibeau canadian born,rumor
`5.80E+17,still huge security presence ottawa police search buildings follow coverage,non-rumor
`5.80E+17,mcmasters flags lowered memory todays shooting victim ottawa,non-rumor
`5.80E+17,downtown yxe man says hes marching ottawa ottawashooting cbcyxe,non-rumor
`5.80E+17,sharing please feel free post status show ur support ottawa ottawastrong,non-rumor
`5.80E+17,gunman killed parliament attack named michael zehafbibeau us sources tell abc news,rumor
`5.80E+17,thoughts ottawa everyone affected todays events,non-rumor
`5.80E+17,citynews airing newscasts dedicated ottawashooting 7pm 9pm amp 11pm etwatch live,non-rumor
`5.80E+17,breaking reports dead shooting suspect michael zehafbibeau born reportedly canadianborn,rumor
`5.80E+17,israeli pm netanayahu calls pm harper extend condolences ottawa shooting express full support canadas fight terror,non-rumor
`5.80E+17,breaking obama canada shooting tragic shaken information motive,non-rumor
`5.80E+17,isis media account posts picture claiming michael zehafbibeau dead ottawashooting suspect canada,rumor
`5.80E+17,last three games kobe averaging points shooting rebounds assists minutes mathisfun,non-rumor
`5.80E+17,breaking soldier killed war memorial identified cpl nathan cirillo ottawashooting,rumor
`5.80E+17,rt armedresearch isis media account posts picture claiming michael zehafbibeau dead ottawashooting suspect,rumor
`5.80E+17,least shot fatally houston hospital shooting reports say,non-rumor
`5.80E+17,penguins also canadian national anthem tonights game thoughtful gesture pens sing loud pittsburgh ottawa,non-rumor
`5.80E+17,thoughts prayers everybody ottawa stay safe ottawastrong canadastrong,non-rumor
`5.80E+17,rest peace cpl nathan cirillo via globeandmail ottawashooting,rumor
`5.80E+17,pm netanyahu spoke canadian pm harper conveyed condolences israeli people wake terrorist attack ottawa,non-rumor
`5.80E+17,important name right cpl nathan cirillo ottawa,rumor
`5.80E+17,rest peace cpl nathan cirillo ottawa ottawashooting,rumor
`5.80E+17,rip cpl nathancirillo service never forgottenprayers family canadianforces ottawashooting,rumor
`5.80E+17,hamont reservist nathan cirillo duty ottawa today fatally shot,rumor
`5.80E+17,soldier shot dead ottawa today cpl nathan cirillo reservist based hamilton ont,rumor
`5.80E+17,cnn commentator already blaming lax immigration policies parliament hill shooting gim break,non-rumor
`5.80E+17,ripnathancirillort globeandmail soldier killed war memorial identified cpl nathan cirillo,rumor
`5.80E+17,canadian soldier fatally shot identified nathan cirillo ottawashooting hamont rip,rumor
`5.80E+17,isis media account posts picture claiming michael zehafbibeau suspected shooter ottawa,rumor
`5.80E+17,soldier killed war memorial identified nathan cirillo hamont ottawashooting cndpoli,rumor
`5.80E+17,cpl nathan cirillo soldier shot dead today ottawa rip sir thank service ottawashooting,rumor
`5.80E+17,breaking canada police investigating michael zehafbibeau possible suspect ottawa shooting source,rumor
`5.80E+17,corporal nathan cirillo shot dead ottawa war memorial today reservist member argyll sutherland highlanders,rumor
`5.80E+17,cpl nathan cirillo identified soldier shot killed war memorial today,rumor
`5.80E+17,twentyfouryearold cpl nathan cirillo shot dead today war memorial ottawa,rumor
`5.80E+17,message toronto police imams mosques wake ottawashootings,non-rumor
`5.80E+17,soldier shot dead wednesdays ottawa attacks named cpl nathan cirillo hamont,rumor
`5.80E+17,breaking soldier shot dead ottawa attack identified hamilton ontariobased reservist cpl nathan cirillo,rumor
`5.80E+17,breaking source confirms cp24 deceased soldier ottawa cpl nathan cirillo cirillo member hamilton argylls,rumor
`5.80E+17,sergeantatarms kevin vickers reportedly shot suspect hailed hero,rumor
`5.80E+17,hamilton argylls soldier nathan cirillo right picture dies ottawa attack,rumor
`5.80E+17,isis media account posts pic claiming michael zehafbibeau dead ottawashooting terrorist,rumor
`5.80E+17,pittsburgh penguins announce theyll play canadian national anthem tonights game philadelphia ottawashooting,non-rumor
`5.80E+17,anyone photos videos todays shootings send rcmpnatdiv link,non-rumor
`5.80E+17,soldier killed war memorial identified cpl nathan cirillo ottawashooting,rumor
`5.80E+17,ottawa shooting suspect named michael zehafbibeau us sources tell abc news,rumor
`5.80E+17,cpl nathan cirillo identified soldier shot killed ottawa today aunt says globeandmail,rumor
`5.80E+17,rest peace cpl nathan cirillo thank serving country ottawashooting,rumor
`5.80E+17,mlb joins bluejays thinking affected bytodays tragedy ottawa,non-rumor
`5.80E+17,rest peace soldier killed ottawa today,rumor
`5.80E+17,new sources deceased gunman killed soldier ottawa identified canadian national michael zehafbibeau,rumor
`5.80E+17,canada investigating michael zehafbibeau possible suspect ottawa shooting source,rumor
`5.80E+17,breaking military sources friends id nathan frank cirillo soldier killed ottawa,rumor
`5.80E+17,everyone take moment honour cpl nathan cirillo fine soldier killed ottawa today hero,rumor
`5.80E+17,saw member public go cf member shake hand thank service nice ottawashooting ctvnews,non-rumor
`5.80E+17,canadian media identify soldier killed ottawa nathan cirillo,rumor
`5.80E+17,ottawa shooting nathan cirillo reservist hamilton killed attack,rumor
`5.80E+17,ctv news confirms canadian authorities provided us authorities name michael zehafbibeau connection ottawa shooting,rumor
`5.80E+17,update dead houston hospital shooting,non-rumor
`5.80E+17,ctv news confirmed name canadian authorities provided us authorities michael zehafbibeau ottawashooting,rumor
`5.80E+17,rip nathan cirillo soldier ottawa canada love,rumor
`5.80E+17,thoughts go family nathan cirillo identified soldier killed ottawa today,rumor
`5.80E+17,photo cpl nathan cirillo killed ottawa today rip,rumor
`5.80E+17,updated full story nathan cirillo soldier killed ottawashooting,rumor
`5.80E+17,soldier killed ottawa today named yearold nathan cirillo latest,rumor
`5.80E+17,sending thoughts prayers everybody ottawa ottawastrong canadastrong,non-rumor
`5.80E+17,atlantic cadet programs cancelled cadets advised wear uniform show business casual ottawashooting,non-rumor
`5.80E+17,rip cpl nathan cirillo identified canadian soldier killed ottawashooting canada,rumor
`5.80E+17,canadian soldier killed ottawa identified,rumor
`5.80E+17,soldier killed ottawashooting identified cpl nathan cirillo via globeandmail,rumor
`5.80E+17,cbs reports ottawa shooting suspect born quebec michael joseph hall hes recent convert islam,rumor
`5.80E+17,ottawa youve mind day keeping heart,non-rumor
`5.80E+17,thoughts everyone ottawa affected todays events ottawastrong,non-rumor
`5.80E+17,kudos penguins national anthems played tonight flyerspens game gesture ottawa tragedy,non-rumor
`5.80E+17,cbc news ottawa independently confirmed gunman shot killed michael zehafbibeau,rumor
`5.80E+17,breaking michael zehafbebeau designated highrisk traveller cdn govt confiscated passport,rumor
`5.80E+17,gunman shot dead ottawashootings named us officials yearold canadianborn michael zehafbibeau,rumor
`5.80E+17,cbcnews independently confirmed gunman killed parliament attack canadianborn michael zehafbibeau,rumor
`5.80E+17,ottawa police map downtown ottawa safety perimeter cbcott ottnews,non-rumor
`5.80E+17,good news canadian govt successfully prevented zehafbebeau joining isis abroad bad news waged jihad ottawa today,rumor
`5.80E+17,ottawa shooting events unfolded first shots fired war memorial,non-rumor
`5.80E+17,breaking canadian official identifies dead ottawa gunman michael zehafbibeau,rumor
`5.80E+17,pittsburgh play canadian national anthem tonights game support ottawa makes happy,non-rumor
`5.80E+17,true north strong free stay safe ottawa prayforottawa canadastrong,non-rumor
`5.80E+17,proudly post nathancirillo nation thanks family ottawashooting,rumor
`5.80E+17,city hamilton offers condolences family cpl nathan cirillo hamont native bravely served theargylls ottawa,rumor
`5.80E+17,fbi working canadian authorities determine ottawa shooting act terrorism,rumor
`5.80E+17,obama ottawa shooting shaken,non-rumor
`5.80E+17,canadas coverage ottawa shootings put american cable news shame,non-rumor
`5.80E+17,gutwrenching hear soldier guarding national war memorial died rest peace cpl nathan cirilloottawashootingneverforget,rumor
`5.80E+17,sergeantatarms kevin vickers hailed hero shooting canadian parliament gunman,rumor
`5.80E+17,soldier killed war memorial identified cpl nathan cirillo ottawashooting,rumor
`5.80E+17,canada soldier shot today mt megunder sunday handsome guard picture friend rip nathan cirillo,rumor
`5.80E+17,ottawa police say area downtownhill see map still securityperimeter lockdown pm et,non-rumor
`5.80E+17,forever remember cpl nathan cirillo never speak shooter ottawashooting staysafeottawa staystrongcanada,rumor
`5.80E+17,rip cpl nathan cirillo argyll sutherland highlanders canadastrong,rumor
`5.80E+17,watch cbcnews coverage ottawa shootings put american cable news shame summary,non-rumor
`5.80E+17,rip cpl nathan cirillo canada always remember ottawashooting,rumor
`5.80E+17,soldier killed ottawa identified cpl nathan cirillo,rumor
`5.80E+17,developing canada officials identify dead gunman parliament shooting michael zehafbibeau,rumor
`5.80E+17,latest suspected ottawa gunman identified michael joseph hall convert islam also known michael zehafbibeau,rumor
`5.80E+17,updated soldier dead others injured parliament hill siege gunman dead,rumor
`5.80E+17,let nathancirillo remembered like this the part time soldier job amp bringing little happiness ottawa,rumor
`5.80E+17,michael zehafbibeau wearing gamergate tshirt ottawa shooting people spreading freaking sick,rumor
`5.80E+17,canadian anthem performed flyerspenguins tonight support ottawa,non-rumor
`5.80E+17,breaking news suspected ottawa gunman identified michael joseph hall isis sympathizer,rumor
`5.80E+17,kurdistan canada amp israel fighting isis right now ottawa,non-rumor
`5.80E+17,rip corporal nathan cirillo thank serving country gone never forgotten ottawashooting,rumor
`5.80E+17,stand easy brother soldier killed ottawa identified cpl nathan frank cirillo,rumor
`5.80E+17,ottawa shootings suspect identified michael zehafbibeau unclear shooters,rumor
`5.80E+17,soldier killed war memorial identified cpl nathan cirillo,rumor
`5.80E+17,youve planned school shooting realize youre fat run away police,non-rumor
`5.80E+17,ottawa canada identifies gunman probably muslim mentioned,non-rumor
`5.80E+17,breaking multiple sources tell cnn michael zehafbibeau likely shooter ottawashooting,rumor
`5.80E+17,us officials suspected shooter ottawa rampage identified canadianborn michael zehafbibeau,rumor
`5.80E+17,sigh horrible day someone lose life place honor fought us ottawa,non-rumor
`5.80E+17,updated soldier killed ottawashooting identified cpl nathan cirillo hamilton,rumor
`5.80E+17,kill ideology calls r terrorist euphemism change terrorism terrorism ottawa,non-rumor
`5.80E+17,texas police officer receives death threats video shows fatally shooting puppy,non-rumor
`5.80E+17,pmharper speaking allies around world pm address nation evening ottawashooting,rumor
`5.80E+17,ottawashooting terrorsim forthoodshooting oklahomabeheading,non-rumor
`5.80E+17,pmharper met cabinet ministers discuss shootings ottawa today,non-rumor
`5.80E+17,canadian coverage ottawa shootings measured calm presented actual facts cant,non-rumor
`5.80E+17,rip soldier father killed ottawa today praying affected shooting,rumor
`5.80E+17,canada identifies muslim convert michael zehafbibeau suspected shooter ottawa attack us officials tell cnn,rumor
`5.80E+17,heartbreaking photo shows nathan cirillo moments shooting,rumor
`5.80E+17,applaud cbcnews speculating reporting known american media could use restraint,non-rumor
`5.80E+17,kobebryant last gms pts 5reb 4ast26 pts 4reb 5ast27 pts 4reb 2astbut hes top ten shooting guard,non-rumor
`5.80E+17,cpl nathan cirillo identified victim ottawashooting national war memorial,rumor
`5.80E+17,soldier killed ottawa sherwood grad couldnt wait serve country rip cpl nathan frank cirillo,rumor
`5.80E+17,wapo reports black eyewitnesses confirmed ferguson cops story afraid safety,non-rumor
`5.80E+17,thoughts amp prayers family cpl nathan frank cirillo killed today ottawa rip honourourforces pls rt,rumor
`5.80E+17,heartbreaking photo shows fallen soldier nathan cirillo moments shooting,rumor
`5.80E+17,true north strong freerip solider shot ottawa shooting canadastrong,non-rumor
`5.80E+17,along fellow canadians thoughts family canadianforces member killed today ottawashooting,non-rumor
`5.80E+17,soldier died today ottawa war memorial name cpl nathan cirillo rip,rumor
`5.80E+17,breaking photo michael zehafbibeau gunman mornings shootings ottawa,rumor
`5.80E+17,sad ottawashooting worse shooter might b guy calls muslim pls world dont judge billion muslims extremists,non-rumor
`5.80E+17,wishing everyone ottawa canada best wake todays shootings ill hug tomorrow anyone needs one,non-rumor
`5.80E+17,breaking news us agencies advised ottawa shooter believed canadian convert islam foxnews confirms,rumor
`5.80E+17,patients injured ottawashooting released hospital ottawa hospital spokesperson,rumor
`5.80E+17,breaking news cbc confirms photo michael zehafbibeau gunman ottawa shooting,rumor
`5.80E+17,official patients injured ottawa shootings released hospital ottawahospital,rumor
`5.80E+17,photos scenes canadas dark day ottawashooting,non-rumor
`5.80E+17,coverage ottawa shooting one revealing screenshot,non-rumor
`5.80E+17,moment silence anaheim also meant honor affected tragedy ottawa today,non-rumor
`5.80E+17,condolences pour family cpl nathan cirillo killed ottawashooting,rumor
`5.80E+17,justin bieber shooting swimming pool,non-rumor
`5.80E+17,thoughts family friends cpl nathan cirillo affected events ottawa ottawastrong,rumor
`5.80E+17,personal thoughts tragic day ottawa,non-rumor
`5.80E+17,pittsburgh penguins oh canada sung tonight vs philly honour event ottawa,non-rumor
`5.80E+17,soldier killed canada shooting young reservist sixyearold son,rumor
`5.80E+17,breaking cnn confirms name soldier killed ottawashooting nathan cirillo,rumor
`5.80E+17,coming live ottawa shooting stephen harper address nation,rumor
`5.80E+17,video seconds shooting nathan cirillo ottawashooting suspect gets car,rumor
`5.80E+17,parliament hill security situation evolving lockdown reinstated offices around hill ottawashooting,non-rumor
`5.80E+17,canadian soldier killed ottawashooting today cpl nathan cirillo thoughts prayers family,rumor
`5.80E+17,ottawa hospital says three patients involved todays incident discharged,rumor
`5.80E+17,thoughts prayers go nathan cirillo died today ottawa protecting country age,rumor
`5.80E+17,ottawa shooting shouldnt used pretext stripping away civil liberties,non-rumor
`5.80E+17,three people brought ottawa hospital todays shooting released stable condition,rumor
`5.80E+17,moment silence ottawa,non-rumor
`5.80E+17,broadcasting tonight ottawa latest shootings ac360 live 8pm 11pm,non-rumor
`5.80E+17,canadian soldier killed todays ottawa shooting cpl nathan cirillo family source told cnn live blog,rumor
`5.80E+17,rt cfedio told cbc ottawa situation evolving told remain current location notice ottawashooting,non-rumor
`5.80E+17,icymi sergeantatarms kevin vickers hailed hero stopping shooter parliament hill,rumor
`5.80E+17,pm stephen harper address nation ottawashooting pmet pmharper,rumor
`5.80E+17,rest peace corporal nathan cirillo respect ottawa canada,rumor
`5.80E+17,video key moments todays parliament hill shootings,non-rumor
`5.80E+17,texted friend works parliament hill amp got perfect response redacted obvs reasons ottawashooting,non-rumor
`5.80E+17,kind words us cdn coverage horrifying ottawashooting kudos cbcnews colleagues tough day,non-rumor
`5.80E+17,canadian prime minister stephen harper due make statement shortly reports say,rumor
`5.80E+17,intense new audio ottawashooting people scrambling go,non-rumor
`5.80E+17,soldier killed canada shooting young reservist sixyearold son,rumor
`5.80E+17,raptors hold moment silence honour cpl nathan cirillo affected todays events ottawa,rumor
`5.80E+17,true patriot love memory cpl nathan cirillo hamilton ontario ottawashooting canadastrong,rumor
`5.80E+17,rip cpl nathan cirillo todays tragic events put perspective ottawashooting,rumor
`5.80E+17,awful day ottawa thoughts prayers senators family entire city ottawa canada,non-rumor
`5.80E+17,canada showing regarded great nation,non-rumor
`5.80E+17,exclusive michael zahafbibeau caught dashcam model sold,rumor
`5.80E+17,finally building ottawashooting,non-rumor
`5.80E+17,canada great message toronto police imams mosques wake ottawashootings,non-rumor
`5.80E+17,sad poignant irony soldier felled foot cenotaph weep remembrance day feel different ottawashooting,non-rumor
`5.80E+17,australian pm tony abbott says security increased canberra following ottawashootings,non-rumor
`5.80E+17,photos love ottawa,non-rumor
`5.80E+17,watching peter mansbridge cbc canadian journalism calm factual fearmongering way ottawashooting cbc,non-rumor
`5.80E+17,cnn frustrated canadians lack panic ottawashooting,non-rumor
`5.80E+17,cpl nathan cirillo brave canadian soldier killed ottawashooting today,rumor
`5.80E+17,rest peace cpl nathan cirillo killed today ottawashooting,rumor
`5.80E+17,watch live pm stephen harper expected speak nation imminently ottawashooting,rumor
`5.80E+17,talk kids ottawa shootings limit tv exposure psychologists say,non-rumor
`5.80E+17,photo reported suspected ottawa shooter michael zehar bibeau came suspended isis twitter account,rumor
